merchant_id,merchant_name,business_category,business_size,onboarding_date
4a6cfbee-14d4-4421-87a1-62c7bd33cd31,Merchant_4601,Healthcare,SMB,2022-10-30
b2cf22e1-1a46-49c8-b05e-e57dd34ecd69,Merchant_8143,SaaS,SMB,2022-08-10
aa8f98e7-f604-46b0-818a-c194df8393ab,Merchant_5556,Education,SMB,2022-04-25
26b44403-c272-4140-925a-af3a9c1f272b,Merchant_5812,Logistics,Mid-Market,2022-11-15
7d327d27-9935-4720-8674-7d6bb9141a3e,Merchant_7107,Travel,SMB,2022-04-30
a7afc14d-e0ba-4e95-8a0e-563cc6c06290,Merchant_2827,E-commerce,SMB,2022-11-11
df22eaf2-8627-4e45-930b-942e47031963,Merchant_7539,Entertainment,SMB,2022-06-17
76b72e96-5a42-4b04-b091-01040ddfd50a,Merchant_4121,Education,SMB,2022-12-17
cd36b868-84fa-491c-833c-71f2547dceef,Merchant_4009,Travel,SMB,2022-08-13
45adacb5-2fa2-4f28-b205-caab5cb1aede,Merchant_9716,Travel,Enterprise,2022-05-22
79fe959a-ff15-4adb-aa6d-b029570ad7c6,Merchant_9425,Entertainment,SMB,2022-08-24
7db8bd7d-8404-4c55-9618-d71f4a96760e,Merchant_9102,Education,Mid-Market,2022-12-07
7e6622d5-ee40-4869-808c-efad4838c08d,Merchant_3476,Logistics,SMB,2022-03-05
e8789fcc-d6f9-48b9-a7c9-8b50394c1a2b,Merchant_9901,SaaS,SMB,2022-10-29
3a1705c2-7d3f-490c-a988-b3d4b6b88201,Merchant_9493,Healthcare,Mid-Market,2022-10-08
f3b28b85-9491-4e83-ab1e-e401f822f937,Merchant_1026,Healthcare,SMB,2022-10-29
1ba5fc71-5321-40af-9c23-709ec4f494a9,Merchant_2635,Retail,SMB,2022-06-09
2a3d9fad-c784-498d-852c-5aaf07486b56,Merchant_6716,Healthcare,SMB,2022-07-30
ba6df1b4-50e6-4d19-99c8-88a4e8e8aa29,Merchant_4559,Entertainment,Mid-Market,2022-01-26
4f4ad839-62f2-4086-82e0-c285f38e88bc,Merchant_2052,Travel,Mid-Market,2022-07-26
36da73e9-53c1-408d-bad3-f32c10cc961b,Merchant_6840,Travel,SMB,2022-04-10
942430ca-f70a-4434-b4d9-1dda8ac88f11,Merchant_9239,SaaS,Enterprise,2022-01-02
04649bfd-63ea-4cd2-9740-9f48b5c35fc0,Merchant_5329,Logistics,SMB,2022-05-20
2d003f9d-6c5c-4a52-a492-36212b013f6c,Merchant_3661,Financial Services,SMB,2022-12-04
35145b4a-3e4b-452a-af0c-43dc4aa2404d,Merchant_1256,Food & Delivery,SMB,2022-04-21
ea3c76e5-b00c-45bd-a910-8deca71ad471,Merchant_9370,E-commerce,Mid-Market,2022-11-16
6a6f45e6-fb7c-49a9-894c-a3ea880e5d5f,Merchant_6722,Healthcare,Mid-Market,2022-06-02
ee85253e-e1a8-4855-a580-8fee342f364a,Merchant_7297,Financial Services,SMB,2022-01-22
7bea5d7d-8469-46d7-bcf2-01fd6554b9ba,Merchant_5405,Food & Delivery,Mid-Market,2022-12-01
4f726934-16ce-4ab3-bcfa-42d1e1014264,Merchant_4521,Logistics,SMB,2022-11-08
4b411d9f-6d5b-40da-b851-659567bdc828,Merchant_9372,Logistics,SMB,2022-06-25
554e67f9-df02-43c7-a1ee-0e4aad5cfda6,Merchant_3782,E-commerce,SMB,2022-01-29
63983fb9-9217-4023-82f0-1733838664fa,Merchant_5374,SaaS,Mid-Market,2022-04-06
b4aecaae-4b1b-466d-b4a2-04883d71534e,Merchant_6106,Financial Services,Mid-Market,2022-08-09
7281e74c-4145-4016-899f-9ef0b0dcb495,Merchant_5200,E-commerce,Mid-Market,2022-10-08
9e3a71b0-28ef-493b-92e8-00f2ff732dfa,Merchant_4312,Retail,SMB,2022-05-05
87e3b48f-4e6d-4de5-9f8c-07512ecee8ea,Merchant_1390,Education,Enterprise,2022-06-11
49bcecde-dee8-48da-ad81-11e0300ae6e4,Merchant_4593,SaaS,SMB,2022-09-06
8480f180-0436-4936-a34e-6da2b4d3a8be,Merchant_1204,Entertainment,SMB,2022-11-10
fc643d58-0fa4-46e3-ac29-9d214cf0372b,Merchant_6359,Travel,SMB,2022-01-05
634e1ff0-2e79-4866-99c7-5d731bd76e8f,Merchant_4653,Entertainment,SMB,2022-05-24
72ebfba5-b776-44dc-8371-fe941eb69eca,Merchant_6507,Retail,Enterprise,2022-11-21
05f5372c-c6a6-4ad2-98b5-415640b7cda2,Merchant_6179,Logistics,SMB,2022-03-02
14f0daa0-c465-47fc-94c7-a8e83bd9f355,Merchant_4649,Education,Mid-Market,2022-03-01
874aa983-af1a-4809-9d6a-404c562284f8,Merchant_1828,Healthcare,SMB,2022-07-28
883fef6d-261e-45b2-84b2-90304ffac609,Merchant_9157,Education,Mid-Market,2022-04-09
d06cda45-e08c-4d42-8f54-7c2d74cc4ca5,Merchant_2784,Financial Services,SMB,2022-03-09
2a9bceb9-2ed5-4dd8-810d-511373159069,Merchant_9013,Entertainment,Mid-Market,2022-03-21
8134d8d4-3128-4781-93db-9e7b20dd69a2,Merchant_8130,E-commerce,SMB,2022-10-24
135f9ca7-0929-4504-96c2-b1b73a85d0b2,Merchant_1976,Entertainment,Enterprise,2022-08-14
